{
  "GetById-1" : {
    "transaction" : "GetById-1",
    "sampleCount" : 300,
    "errorCount" : 0,
    "errorPct" : 0.0,
    "meanResTime" : 66.7133333333332,
    "medianResTime" : 25.5,
    "minResTime" : 8.0,
    "maxResTime" : 2938.0,
    "pct1ResTime" : 115.60000000000014,
    "pct2ResTime" : 189.4999999999999,
    "pct3ResTime" : 721.8400000000029,
    "throughput" : 3.0870867162658597,
    "receivedKBytesPerSec" : 0.47331310005248045,
    "sentKBytesPerSec" : 1.0491271262309758
  },
  "GetById-0" : {
    "transaction" : "GetById-0",
    "sampleCount" : 300,
    "errorCount" : 0,
    "errorPct" : 0.0,
    "meanResTime" : 9.290000000000015,
    "medianResTime" : 3.0,
    "minResTime" : 1.0,
    "maxResTime" : 265.0,
    "pct1ResTime" : 17.0,
    "pct2ResTime" : 40.94999999999999,
    "pct3ResTime" : 95.99000000000001,
    "throughput" : 3.078817733990148,
    "receivedKBytesPerSec" : 0.5381917718596059,
    "sentKBytesPerSec" : 1.0463169642857144
  },
  "Total" : {
    "transaction" : "Total",
    "sampleCount" : 1800,
    "errorCount" : 0,
    "errorPct" : 0.0,
    "meanResTime" : 39.398888888888905,
    "medianResTime" : 17.0,
    "minResTime" : 1.0,
    "maxResTime" : 3210.0,
    "pct1ResTime" : 84.90000000000009,
    "pct2ResTime" : 129.94999999999982,
    "pct3ResTime" : 324.9100000000001,
    "throughput" : 18.468736533212944,
    "receivedKBytesPerSec" : 4.376705793027026,
    "sentKBytesPerSec" : 8.404717992653547
  },
  "GetEmployeeDetails-0" : {
    "transaction" : "GetEmployeeDetails-0",
    "sampleCount" : 300,
    "errorCount" : 0,
    "errorPct" : 0.0,
    "meanResTime" : 5.006666666666666,
    "medianResTime" : 2.0,
    "minResTime" : 1.0,
    "maxResTime" : 112.0,
    "pct1ResTime" : 10.0,
    "pct2ResTime" : 16.94999999999999,
    "pct3ResTime" : 59.86000000000013,
    "throughput" : 3.1867092977554945,
    "receivedKBytesPerSec" : 0.5663877853432616,
    "sentKBytesPerSec" : 1.0923193003048617
  },
  "GetById" : {
    "transaction" : "GetById",
    "sampleCount" : 300,
    "errorCount" : 0,
    "errorPct" : 0.0,
    "meanResTime" : 76.92000000000009,
    "medianResTime" : 30.5,
    "minResTime" : 11.0,
    "maxResTime" : 3210.0,
    "pct1ResTime" : 132.0,
    "pct2ResTime" : 203.95,
    "pct3ResTime" : 814.1600000000026,
    "throughput" : 3.078470205539194,
    "receivedKBytesPerSec" : 1.0101230361925482,
    "sentKBytesPerSec" : 2.092397717827421
  },
  "GetEmployeeDetails-1" : {
    "transaction" : "GetEmployeeDetails-1",
    "sampleCount" : 300,
    "errorCount" : 0,
    "errorPct" : 0.0,
    "meanResTime" : 36.53666666666663,
    "medianResTime" : 19.5,
    "minResTime" : 9.0,
    "maxResTime" : 415.0,
    "pct1ResTime" : 87.80000000000007,
    "pct2ResTime" : 126.89999999999998,
    "pct3ResTime" : 315.4600000000005,
    "throughput" : 3.1884366032522053,
    "receivedKBytesPerSec" : 0.6538786002763312,
    "sentKBytesPerSec" : 1.092911374747582
  },
  "GetEmployeeDetails" : {
    "transaction" : "GetEmployeeDetails",
    "sampleCount" : 300,
    "errorCount" : 0,
    "errorPct" : 0.0,
    "meanResTime" : 41.926666666666684,
    "medianResTime" : 23.0,
    "minResTime" : 10.0,
    "maxResTime" : 439.0,
    "pct1ResTime" : 99.80000000000007,
    "pct2ResTime" : 143.89999999999998,
    "pct3ResTime" : 325.40000000000055,
    "throughput" : 3.186404673393521,
    "receivedKBytesPerSec" : 1.2197955390334572,
    "sentKBytesPerSec" : 2.184429766330324
  }
}